<annotation>
	<folder>log</folder>
	<filename>1.png</filename>
	<path>D:/2022/chart/las/log/1.png</path>
	<source>
		<database>Unknown</database>
	</source>
	<size>
		<width>1914</width>
		<height>1195</height>
		<depth>3</depth>
	</size>
	<segmented>0</segmented>
	<object>
		<name>GL</name>
		<pose>Unspecified</pose>
		<truncated>0</truncated>
		<difficult>0</difficult>
		<bndbox>
			<xmin>45</xmin>
			<ymin>181</ymin>
			<xmax>91</xmax>
			<ymax>203</ymax>
		</bndbox>
	</object>
	<object>
		<name>G</name>
		<pose>Unspecified</pose>
		<truncated>0</truncated>
		<difficult>0</difficult>
		<bndbox>
			<xmin>41</xmin>
			<ymin>207</ymin>
			<xmax>136</xmax>
			<ymax>332</ymax>
		</bndbox>
	</object>
	<object>
		<name>G</name>
		<pose>Unspecified</pose>
		<truncated>0</truncated>
		<difficult>0</difficult>
		<bndbox>
			<xmin>42</xmin>
			<ymin>333</ymin>
			<xmax>137</xmax>
			<ymax>446</ymax>
		</bndbox>
	</object>
	<object>
		<name>c</name>
		<pose>Unspecified</pose>
		<truncated>0</truncated>
		<difficult>0</difficult>
		<bndbox>
			<xmin>40</xmin>
			<ymin>481</ymin>
			<xmax>141</xmax>
			<ymax>487</ymax>
		</bndbox>
	</object>
	<object>
		<name>c</name>
		<pose>Unspecified</pose>
		<truncated>0</truncated>
		<difficult>0</difficult>
		<bndbox>
			<xmin>42</xmin>
			<ymin>604</ymin>
			<xmax>141</xmax>
			<ymax>609</ymax>
		</bndbox>
	</object>
	<object>
		<name>p</name>
		<pose>Unspecified</pose>
		<truncated>0</truncated>
		<difficult>0</difficult>
		<bndbox>
			<xmin>42</xmin>
			<ymin>707</ymin>
			<xmax>143</xmax>
			<ymax>716</ymax>
		</bndbox>
	</object>
	<object>
		<name>GB</name>
		<pose>Unspecified</pose>
		<truncated>0</truncated>
		<difficult>0</difficult>
		<bndbox>
			<xmin>41</xmin>
			<ymin>836</ymin>
			<xmax>135</xmax>
			<ymax>849</ymax>
		</bndbox>
	</object>
	<object>
		<name>G</name>
		<pose>Unspecified</pose>
		<truncated>0</truncated>
		<difficult>0</difficult>
		<bndbox>
			<xmin>42</xmin>
			<ymin>852</ymin>
			<xmax>177</xmax>
			<ymax>894</ymax>
		</bndbox>
	</object>
	<object>
		<name>G</name>
		<pose>Unspecified</pose>
		<truncated>0</truncated>
		<difficult>0</difficult>
		<bndbox>
			<xmin>42</xmin>
			<ymin>916</ymin>
			<xmax>135</xmax>
			<ymax>982</ymax>
		</bndbox>
	</object>
	<object>
		<name>A</name>
		<pose>Unspecified</pose>
		<truncated>0</truncated>
		<difficult>0</difficult>
		<bndbox>
			<xmin>41</xmin>
			<ymin>1021</ymin>
			<xmax>72</xmax>
			<ymax>1072</ymax>
		</bndbox>
	</object>
	<object>
		<name>A</name>
		<pose>Unspecified</pose>
		<truncated>0</truncated>
		<difficult>0</difficult>
		<bndbox>
			<xmin>41</xmin>
			<ymin>998</ymin>
			<xmax>70</xmax>
			<ymax>1008</ymax>
		</bndbox>
	</object>
</annotation>
