<annotation>
	<folder>log</folder>
	<filename>2.png</filename>
	<path>D:/2022/chart/las/log/2.png</path>
	<source>
		<database>Unknown</database>
	</source>
	<size>
		<width>1914</width>
		<height>1195</height>
		<depth>3</depth>
	</size>
	<segmented>0</segmented>
	<object>
		<name>SV</name>
		<pose>Unspecified</pose>
		<truncated>0</truncated>
		<difficult>0</difficult>
		<bndbox>
			<xmin>41</xmin>
			<ymin>179</ymin>
			<xmax>212</xmax>
			<ymax>238</ymax>
		</bndbox>
	</object>
	<object>
		<name>G</name>
		<pose>Unspecified</pose>
		<truncated>0</truncated>
		<difficult>0</difficult>
		<bndbox>
			<xmin>40</xmin>
			<ymin>296</ymin>
			<xmax>158</xmax>
			<ymax>322</ymax>
		</bndbox>
	</object>
	<object>
		<name>G</name>
		<pose>Unspecified</pose>
		<truncated>0</truncated>
		<difficult>0</difficult>
		<bndbox>
			<xmin>41</xmin>
			<ymin>403</ymin>
			<xmax>155</xmax>
			<ymax>444</ymax>
		</bndbox>
	</object>
	<object>
		<name>G</name>
		<pose>Unspecified</pose>
		<truncated>0</truncated>
		<difficult>0</difficult>
		<bndbox>
			<xmin>41</xmin>
			<ymin>529</ymin>
			<xmax>148</xmax>
			<ymax>693</ymax>
		</bndbox>
	</object>
	<object>
		<name>c</name>
		<pose>Unspecified</pose>
		<truncated>0</truncated>
		<difficult>0</difficult>
		<bndbox>
			<xmin>38</xmin>
			<ymin>763</ymin>
			<xmax>165</xmax>
			<ymax>773</ymax>
		</bndbox>
	</object>
	<object>
		<name>c</name>
		<pose>Unspecified</pose>
		<truncated>0</truncated>
		<difficult>0</difficult>
		<bndbox>
			<xmin>37</xmin>
			<ymin>988</ymin>
			<xmax>160</xmax>
			<ymax>999</ymax>
		</bndbox>
	</object>
</annotation>
